query,positive_profile_id
cybersecurity administrator senior,1773
hire junior kubernetes architect,1773
hire mid procurement administrator,1773
hire lead kubernetes scientist,1773
react scientist principal,1773
sql specialist principal,1773
fastapi analyst lead,1773
c++ manager junior,1773
hire junior regulatory consultant,1773
tensorflow analyst principal,1773
azure manager lead,1773
hire mid tensorflow manager,1773
tensorflow developer principal,1773
c# consultant senior,1773
hire junior azure manager,1773
hire senior procurement architect,1773
hire mid fastapi engineer,1773
tensorflow developer mid,1773
hire lead node manager,1773
hire senior supply chain administrator,1773
hire lead regulatory specialist,1773
hire lead golang manager,1773
data architecture architect senior,1773
hire lead fda engineer,1773
java consultant principal,1773
golang engineer mid,1773
regulatory engineer senior,1773
hire lead node analyst,1773
hire junior fda specialist,1773
typescript analyst junior,1773
hire mid golang administrator,1773
c++ developer principal,1773
hire mid python specialist,1773
aws scientist mid,1773
typescript architect lead,1773
kubernetes architect senior,1773
hire principal pytorch developer,1773
node administrator senior,1773
procurement architect mid,1773
fda specialist mid,1773
hire senior servicenow specialist,1773
hire senior pytorch developer,1773
aws engineer junior,1773
hire junior sql architect,1773
hire lead node specialist,1773
hire principal c# engineer,1773
hire senior aws specialist,1773
hire junior docker engineer,1773
hire lead procurement analyst,1773
hire mid react engineer,1773
c++ consultant lead,1773
servicenow scientist senior,1773
hire lead react analyst,1773
supply chain developer lead,1773
leadership engineer lead,1773
hire mid django analyst,1773
react administrator senior,1773
fastapi scientist senior,1773
hire senior typescript specialist,1773
hire mid react scientist,1773
hire lead fastapi consultant,1773
procurement developer junior,1773
hire junior node specialist,1773
hire lead fastapi specialist,1773
regulatory developer junior,1773
hire junior data architecture engineer,1773
hire lead etl engineer,1773
hire junior sap engineer,1773
servicenow administrator junior,1773
fastapi specialist senior,1773
hire mid golang architect,1773
hire principal python administrator,1773
hire junior c++ scientist,1773
hire senior fda engineer,1773
hire senior c# engineer,1773
hire junior c# consultant,1773
hire lead sap scientist,1773
fda consultant senior,1773
hire junior python administrator,1773
hire senior sql consultant,1773
fastapi consultant junior,1773
machine learning administrator junior,1773
flask developer senior,1773
hire junior fda analyst,1773
hire senior c# consultant,1773
javascript specialist lead,1773
procurement scientist junior,1773
hire principal kubernetes specialist,1773
hire junior javascript engineer,1773
hire principal etl manager,1773
hire mid data architecture specialist,1773
hire lead tensorflow engineer,1773
hire mid regulatory specialist,1773
hire senior sap administrator,1773
hire mid leadership administrator,1773
fda developer mid,1773
python engineer principal,1773
tensorflow consultant principal,1773
hire lead python architect,1773
pytorch developer lead,1773
node specialist junior,1773
hire junior regulatory analyst,1773
java scientist senior,1773
hire principal machine learning developer,1773
hire senior fda manager,1773
docker consultant lead,1773
hire principal javascript developer,1773
hire junior docker analyst,1773
hire principal javascript manager,1773
hire junior leadership architect,1773
hire mid node analyst,1773
hire mid procurement architect,1773
data architecture developer senior,1773
regulatory engineer mid,1773
hire senior tensorflow engineer,1773
siem developer junior,1773
java architect lead,1773
docker architect senior,1773
hire senior react architect,1773
supply chain manager junior,1773
hire principal django developer,1773
hire lead leadership specialist,1773
tensorflow architect principal,1773
data architecture manager mid,1773
regulatory specialist mid,1773
java scientist mid,1773
leadership analyst mid,1773
hire mid leadership architect,1773
hire principal aws developer,1773
hire senior flask manager,1773
node specialist lead,1773
hire principal machine learning specialist,1773
hire senior etl engineer,1773
siem administrator senior,1773
procurement scientist lead,1773
hire lead c# specialist,1773
hire junior java consultant,1773
regulatory manager junior,1773
etl analyst principal,1773
django developer junior,1773
hire mid javascript engineer,1773
machine learning engineer lead,1773
hire lead data architecture administrator,1773
node analyst senior,1773
hire junior etl analyst,1773
pytorch consultant lead,1773
cybersecurity scientist senior,1773
hire lead sql engineer,1773
hire lead fda analyst,1773
pytorch administrator mid,1773
hire senior kubernetes manager,1773
hire junior pytorch architect,1773
golang manager lead,1773
hire principal java manager,1773
hire lead python administrator,1773
hire principal siem analyst,1773
hire senior flask specialist,1773
fastapi architect junior,1773
c# developer junior,1773
hire junior golang architect,1773
django engineer mid,1773
procurement specialist principal,1773
fastapi engineer junior,1773
hire mid fastapi architect,1773
golang administrator principal,1773
procurement administrator senior,1773
tensorflow architect lead,1773
sap administrator senior,1773
hire principal typescript manager,1773
servicenow specialist junior,1773
aws scientist junior,1773
hire lead machine learning specialist,1773
hire lead supply chain specialist,1773
hire principal servicenow architect,1773
supply chain analyst mid,1773
c++ specialist senior,1773
hire senior cybersecurity manager,1773
docker analyst lead,1773
hire junior siem analyst,1773
hire senior sap scientist,1773
hire principal servicenow manager,1773
hire principal django manager,1773
fastapi scientist lead,1773
django manager principal,1773
supply chain developer mid,1773
hire principal fastapi developer,1773
